Workbook

Sheet 0. 표지
K3: 문서번호 | L3: XXXXX-VA-2026XXX
K4: 작성자 | L4: 취약점진단팀
K5: 보안등급 | L5: Confidential
K6: Ver | L6: ver 1.0
B11: "진단대상" 취약점 진단
B13: 클라우드(Naver) 진단 상세결과
B21: 네이버 클라우드 플랫폼 보안 가이드

Sheet 1. 진단 대상
B1: ※ 진단 대상 리스트 - 클라우드(Naver) 1대
B2: 순번 | C2: 진단 대상 | G2: 비고
C3: 계정/구독 | D3: ID | E3: 리전/버전 | F3: 용도
B4: Naver

Sheet 2-1. 요약결과(그래프)
A1: 클라우드(Naver) 진단 요약
A3: 진단 영역 | B3: 양호율 | D3: 구분 | E3: 건수
A4: 1. 계정관리 | B4: ='2-2. 요약 진단결과'!I6 | D4: 양호 | E4: =COUNTIF('2-2. 요약 진단결과'!$F$6:$F$36,"양호")
A5: 6. 클라우드 환경 보안 감사 | B5: ='2-2. 요약 진단결과'!I7 | D5: 취약 | E5: =COUNTIF('2-2. 요약 진단결과'!$F$6:$F$36,"취약")
A6: 5. DB 보안 | B6: ='2-2. 요약 진단결과'!I8 | D6: 인터뷰 필요 | E6: =COUNTIF('2-2. 요약 진단결과'!$F$6:$F$36,"인터뷰 필요")
A7: 7. 서비스 연속성 확보 | B7: ='2-2. 요약 진단결과'!I9 | D7: N/A | E7: =COUNTIF('2-2. 요약 진단결과'!$F$6:$F$36,"N/A")
A8: 4. 스토리지 보안 | B8: ='2-2. 요약 진단결과'!I10
A9: 3. 서버 보안 | B9: ='2-2. 요약 진단결과'!I11
A10: 2. 네트워크 보안 | B10: ='2-2. 요약 진단결과'!I12

Sheet 2-2. 요약 진단결과
B2: 클라우드(Naver) 취약점 진단 요약결과(31항목)
B3: 진단항목 | C3: 항목코드 | D3: 세부 진단항목 | E3: 중요도 | F3: 진단결과 | H3: 진단 영역 | I3: 양호율
B6: 1. 계정관리 | C6: AC-01 | D6: 패스워드 복잡성 설정 | E6: 중 | F6: ='3-1. 진단 결과'!F6 | H6: 1. 계정관리 | I6: =IFERROR(COUNTIF(F6:F15,"양호")/(COUNTA(F6:F15)-COUNTIF(F6:F15,"N/A")-COUNTIF(F6:F15,"인터뷰 필요")),1)
C7: AC-02 | D7: 패스워드 최소 길이 설정 | E7: 중 | F7: ='3-1. 진단 결과'!F7 | H7: 6. 클라우드 환경 보안 감사 | I7: =IFERROR(COUNTIF(F16:F18,"양호")/(COUNTA(F16:F18)-COUNTIF(F16:F18,"N/A")-COUNTIF(F16:F18,"인터뷰 필요")),1)
C8: AC-03 | D8: 강화된 인증방식 적용 | E8: 중 | F8: ='3-1. 진단 결과'!F8 | H8: 5. DB 보안 | I8: =IFERROR(COUNTIF(F19:F20,"양호")/(COUNTA(F19:F20)-COUNTIF(F19:F20,"N/A")-COUNTIF(F19:F20,"인터뷰 필요")),1)
C9: AC-04 | D9: API 인증키 관리 | E9: 상 | F9: ='3-1. 진단 결과'!F9 | H9: 7. 서비스 연속성 확보 | I9: =IFERROR(COUNTIF(F21:F21,"양호")/(COUNTA(F21:F21)-COUNTIF(F21:F21,"N/A")-COUNTIF(F21:F21,"인터뷰 필요")),1)
C10: AC-05 | D10: 계정 권한 부여 방식 | E10: 중 | F10: ='3-1. 진단 결과'!F10 | H10: 4. 스토리지 보안 | I10: =IFERROR(COUNTIF(F22:F25,"양호")/(COUNTA(F22:F25)-COUNTIF(F22:F25,"N/A")-COUNTIF(F22:F25,"인터뷰 필요")),1)
C11: AC-06 | D11: 메인 계정 사용 금지 | E11: 상 | F11: ='3-1. 진단 결과'!F11 | H11: 3. 서버 보안 | I11: =IFERROR(COUNTIF(F26:F31,"양호")/(COUNTA(F26:F31)-COUNTIF(F26:F31,"N/A")-COUNTIF(F26:F31,"인터뷰 필요")),1)
C12: AC-07 | D12: 불필요한 계정 제거 | E12: 중 | F12: ='3-1. 진단 결과'!F12 | H12: 2. 네트워크 보안 | I12: =IFERROR(COUNTIF(F32:F36,"양호")/(COUNTA(F32:F36)-COUNTIF(F32:F36,"N/A")-COUNTIF(F32:F36,"인터뷰 필요")),1)
C13: AC-08 | D13: 계정 속성 만료 활성화 | E13: 상 | F13: ='3-1. 진단 결과'!F13
C14: AC-09 | D14: 정확한 정책 및 역할 할당 | E14: 상 | F14: ='3-1. 진단 결과'!F14
C15: AC-10 | D15: 통합 계정 관리 | E15: 하 | F15: ='3-1. 진단 결과'!F15
B16: 6. 클라우드 환경 보안 감사 | C16: AU-01 | D16: 계정 활동 기반 감사 | E16: 중 | F16: ='3-1. 진단 결과'!F16
C17: AU-02 | D17: 리소스 기반 감사 | E17: 중 | F17: ='3-1. 진단 결과'!F17
C18: AU-03 | D18: 모범 사례 기반 감사 | E18: 중 | F18: ='3-1. 진단 결과'!F18
B19: 5. DB 보안 | C19: DB-01 | D19: DB 접근통제 | E19: 상 | F19: ='3-1. 진단 결과'!F19
C20: DB-02 | D20: DB Backup | E20: 중 | F20: ='3-1. 진단 결과'!F20
B21: 7. 서비스 연속성 확보 | C21: MU-01 | D21: 멀티존 구성 | E21: 중 | F21: ='3-1. 진단 결과'!F21
B22: 4. 스토리지 보안 | C22: ST-01 | D22: 버킷 공개 설정 | E22: 중 | F22: ='3-1. 진단 결과'!F22
C23: ST-02 | D23: 데이터 수명 주기 관리 | E23: 하 | F23: ='3-1. 진단 결과'!F23
C24: ST-03 | D24: 불필요한 버킷 제거 | E24: 중 | F24: ='3-1. 진단 결과'!F24
C25: ST-04 | D25: NAS 접근제어 | E25: 중 | F25: ='3-1. 진단 결과'!F25
B26: 3. 서버 보안 | C26: SV-01 | D26: 서비스 포트 관리 | E26: 상 | F26: ='3-1. 진단 결과'!F26
C27: SV-02 | D27: 서버간 통신 제어 | E27: 중 | F27: ='3-1. 진단 결과'!F27
C28: SV-03 | D28: 사용자 접근 통제 | E28: 상 | F28: ='3-1. 진단 결과'!F28
C29: SV-04 | D29: 공인 IP 사용 제한 | E29: 중 | F29: ='3-1. 진단 결과'!F29
C30: SV-05 | D30: 불필요한 서버 제거 | E30: 중 | F30: ='3-1. 진단 결과'!F30
C31: SV-06 | D31: OS 취약성 점검 | E31: 중 | F31: ='3-1. 진단 결과'!F31
B32: 2. 네트워크 보안 | C32: VP-01 | D32: VPC Naming 설정 | E32: 하 | F32: ='3-1. 진단 결과'!F32
C33: VP-02 | D33: 서비스 목적에 따른 네트워크 분리 | E33: 중 | F33: ='3-1. 진단 결과'!F33
C34: VP-03 | D34: NACL 관리 | E34: 중 | F34: ='3-1. 진단 결과'!F34
C35: VP-04 | D35: NAT Gateway 관리 | E35: 중 | F35: ='3-1. 진단 결과'!F35
C36: VP-05 | D36: 안전한 접속 수단 설정 | E36: 중 | F36: ='3-1. 진단 결과'!F36

Sheet 3-1. 진단 결과
B2: 클라우드(Naver) 취약점 진단 상세결과(31항목)
B3: 진단항목 | C3: 항목코드 | D3: 세부 진단항목 | E3: 진단기준 | F3: 판정 | G3: 상세 내용 / 근거
B6: 1. 계정관리 | C6: AC-01 | D6: 패스워드 복잡성 설정 | E6: 양호 - 영문자·숫자·특수문자를 조합하여 8자 이상으로 패스워드가 설정된 경우 취약 - 패스워드 조합 규칙을 충족하지 않는 경우
C7: AC-02 | D7: 패스워드 최소 길이 설정 | E7: 양호 - 패스워드 최소 길이가 8자 이상으로 설정된 경우 취약 - 패스워드 최소 길이가 8자 미만인 경우
C8: AC-03 | D8: 강화된 인증방식 적용 | E8: 양호 - 메인 계정·Sub Account 모두 ID/PW 외 추가 인증수단(인증번호·OTP)을 적용한 경우 취약 - 2차 인증이 미적용된 계정이 존재하는 경우
C9: AC-04 | D9: API 인증키 관리 | E9: 양호 - 메인 계정·Sub Account의 Access Key를 주기적으로 관리·교체하는 경우 취약 - Access Key가 장기간 미교체·방치된 경우
C10: AC-05 | D10: 계정 권한 부여 방식 | E10: 양호 - Sub Account의 모든 계정이 그룹에 속하여 권한을 부여받은 경우 취약 - 그룹에 속하지 않은 특수권한 계정이 존재하는 경우
C11: AC-06 | D11: 메인 계정 사용 금지 | E11: 양호 - 메인 계정을 사용하지 않고 서브 계정에 적절한 권한을 부여하여 사용하는 경우 취약 - 메인(루트) 계정을 상시 사용하는 경우
C12: AC-07 | D12: 불필요한 계정 제거 | E12: 양호 - Sub Account에 불필요·미사용(퇴직·휴직·장기미사용) 계정이 존재하지 않는 경우 취약 - 불필요·미사용 계정이 존재하는 경우
C13: AC-08 | D13: 계정 속성 만료 활성화 | E13: 양호 - 미사용 세션 및 비밀번호 만료 기능이 활성화되고 적절한 만료일이 설정된 경우 취약 - 만료 설정이 비활성화된 경우
C14: AC-09 | D14: 정확한 정책 및 역할 할당 | E14: 양호 - Sub Account 계정에 필요한 정책과 적절한 역할이 할당된 경우 취약 - 과도하거나 부적절한 정책·역할이 부여된 경우
C15: AC-10 | D15: 통합 계정 관리 | E15: 양호 - Organization으로 거버넌스 정책을 수립하여 계정별 서비스·사용량을 제어하는 경우 취약 - 다수 계정이 통합 관리 없이 개별 운영되는 경우
B16: 6. 클라우드 환경 보안 감사 | C16: AU-01 | D16: 계정 활동 기반 감사 | E16: 양호 - Cloud Activity Tracer로 계정 접근권한 적정성을 정기 검토하는 경우 취약 - 계정 활동 로그 점검이 이행되지 않는 경우
C17: AU-02 | D17: 리소스 기반 감사 | E17: 양호 - Resource Manager로 리소스 생성·변경·삭제 적정성을 정기 검토하는 경우 취약 - 리소스 변경 이력 점검이 이행되지 않는 경우
C18: AU-03 | D18: 모범 사례 기반 감사 | E18: 양호 - Cloud Advisor 점검항목의 검사결과가 모두 정상인 경우 취약 - 모범 사례 기반 점검 결과 조치되지 않은 항목이 존재하는 경우
B19: 5. DB 보안 | C19: DB-01 | D19: DB 접근통제 | E19: 양호 - DB 접근이 필요한 응용프로그램·서버·사용자를 식별하고 접근통제 정책에 따라 통제하는 경우 취약 - DB 접근통제 정책이 미흡한 경우
C20: DB-02 | D20: DB Backup | E20: 양호 - 데이터 가용성·무결성 유지를 위해 이중화 구성 및 백업 절차를 마련한 경우 취약 - 백업·이중화 절차가 마련되지 않은 경우
B21: 7. 서비스 연속성 확보 | C21: MU-01 | D21: 멀티존 구성 | E21: 양호 - 중요 서버가 Zone을 통해 이중화되어 있는 경우 취약 - 중요 서버가 단일 Zone에 구성된 경우
B22: 4. 스토리지 보안 | C22: ST-01 | D22: 버킷 공개 설정 | E22: 양호 - 중요정보를 보관한 Object Storage 버킷이 비공개로 설정된 경우 취약 - 버킷이 외부에 공개로 설정된 경우
C23: ST-02 | D23: 데이터 수명 주기 관리 | E23: 양호 - 사용 완료 데이터가 수명주기 정책에 따라 Archive Storage 등으로 이관·보관되는 경우 취약 - 수명주기 정책 없이 데이터가 방치된 경우
C24: ST-03 | D24: 불필요한 버킷 제거 | E24: 양호 - 사용 목적이 완료된 버킷을 정기 검토를 통해 삭제 처리하는 경우 취약 - 불필요한 버킷이 방치된 경우
C25: ST-04 | D25: NAS 접근제어 | E25: 양호 - 사용 중지 서버 또는 공유 대상이 아닌 서버의 NAS 마운트 여부를 주기적으로 점검하는 경우 취약 - 불필요한 서버가 NAS에 마운트된 경우
B26: 3. 서버 보안 | C26: SV-01 | D26: 서비스 포트 관리 | E26: 양호 - ACG에 서비스에 필요한 IP·Port만 허용된 경우 취약 - 불필요한 IP·Port(ANY 등)가 허용된 경우
C27: SV-02 | D27: 서버간 통신 제어 | E27: 양호 - 서버 간 통신이 승인된 정책 범위 내에서만 ACG로 허용된 경우 취약 - 서버 간 통신이 광범위하게 허용된 경우
C28: SV-03 | D28: 사용자 접근 통제 | E28: 양호 - 서버 접속 시 인증키를 통해 접속하는 경우 취약 - ID/Password 직접 입력 방식으로 서버에 접속하는 경우
C29: SV-04 | D29: 공인 IP 사용 제한 | E29: 양호 - Private Zone에 위치한 서버에 공인 IP가 할당되지 않은 경우 취약 - Private Zone 서버에 공인 IP가 할당된 경우
C30: SV-05 | D30: 불필요한 서버 제거 | E30: 양호 - 사용 목적이 완료된 서버를 정기 검토를 통해 반납 처리하는 경우 취약 - 불필요한 서버가 미반납 상태로 방치된 경우
C31: SV-06 | D31: OS 취약성 점검 | E31: 양호 - 주기적으로 OS 취약성 점검을 이행하는 경우 취약 - OS 취약성 점검이 수행되지 않는 경우
B32: 2. 네트워크 보안 | C32: VP-01 | D32: VPC Naming 설정 | E32: 양호 - VPC 이름을 통해 서비스를 식별할 수 있는 경우 취약 - 식별이 불가능한 이름으로 VPC가 생성된 경우
C33: VP-02 | D33: 서비스 목적에 따른 네트워크 분리 | E33: 양호 - 서비스 사용 목적에 따라 Subnet이 분리된 경우 취약 - 목적 구분 없이 Subnet이 혼용되는 경우
C34: VP-03 | D34: NACL 관리 | E34: 양호 - 전체 차단 정책을 기본으로 서비스에 필요한 IP·Port만 허용된 경우 취약 - Network ACL 정책이 없거나 광범위하게 허용된 경우
C35: VP-04 | D35: NAT Gateway 관리 | E35: 양호 - 외부 통신이 더 이상 필요 없는 서버가 NAT Gateway 설정에서 제외된 경우 취약 - 사용 목적이 완료된 서버가 외부 통신 가능 상태로 남아있는 경우
C36: VP-05 | D36: 안전한 접속 수단 설정 | E36: 양호 - 정보자산 접속 시 SSL VPN·IPsec VPN·Certificate Manager 등 안전한 접속 수단을 적용한 경우 취약 - 암호화되지 않은 접속 수단을 사용하는 경우
